customer_id,external_ref,masked_email,masked_phone,city,signup_at,historical_value_paise,lifetime_value_paise,tier,do_not_contact_until,suppression_reason
cust_0001,MERCH-CUST-00001,ta*********@outlook.com,+91*****4820,Jaipur,2025-06-28T17:45:34+05:30,127797,777597,LOW,2026-05-17T00:00:00+05:30,chargeback_dispute
cust_0002,MERCH-CUST-00002,po*********@gmail.com,+91*****4855,Mumbai,2024-12-27T08:16:29+05:30,0,17449000,HIGH,,
cust_0003,MERCH-CUST-00003,si*****************@gmail.com,+91*****2407,Delhi,2025-09-20T15:13:08+05:30,765111,1744911,MEDIUM,,
cust_0004,MERCH-CUST-00004,is***********@gmail.com,+91*****2598,Kolkata,2024-11-08T08:17:07+05:30,3132723,3762423,MEDIUM,,
cust_0005,MERCH-CUST-00005,ka*************@outlook.com,+91*****6846,Hyderabad,2025-04-29T07:56:31+05:30,7410549,11959949,HIGH,,
cust_0006,MERCH-CUST-00006,aa*********@gmail.com,+91*****3017,Bengaluru,2025-04-10T21:31:52+05:30,227379,227379,LOW,,
cust_0007,MERCH-CUST-00007,ya*********@gmail.com,+91*****9693,Chennai,2025-09-02T16:19:18+05:30,356690,886490,LOW,,
cust_0008,MERCH-CUST-00008,ta*********@outlook.com,+91*****1749,Delhi,2026-01-30T22:29:02+05:30,597630,612530,LOW,,
cust_0009,MERCH-CUST-00009,de********@outlook.com,+91*****8917,Pune,2026-01-26T10:34:57+05:30,140498,140498,LOW,,
cust_0010,MERCH-CUST-00010,vi************@protonmail.com,+91*****2859,Ahmedabad,2024-11-14T10:54:13+05:30,0,279800,LOW,,
cust_0011,MERCH-CUST-00011,ka**********@gmail.com,+91*****7792,Delhi,2024-12-24T05:25:00+05:30,363467,443367,LOW,,
cust_0012,MERCH-CUST-00012,ra***********@gmail.com,+91*****8734,Kochi,2025-09-23T08:44:27+05:30,465562,465562,LOW,,
cust_0013,MERCH-CUST-00013,is********@protonmail.com,+91*****6880,Bengaluru,2026-02-04T21:18:48+05:30,138666,688466,LOW,,
cust_0014,MERCH-CUST-00014,pr***********@protonmail.com,+91*****2470,Kochi,2025-04-11T16:52:39+05:30,320305,470205,LOW,,
cust_0015,MERCH-CUST-00015,vi*************@protonmail.com,+91*****8073,Mumbai,2025-06-26T14:08:30+05:30,718077,7567577,HIGH,,
cust_0016,MERCH-CUST-00016,aa************@protonmail.com,+91*****8002,Chennai,2024-09-14T18:06:44+05:30,0,2349400,MEDIUM,,
cust_0017,MERCH-CUST-00017,ai***********@protonmail.com,+91*****1504,Pune,2024-10-17T12:47:35+05:30,668075,668075,LOW,,
cust_0018,MERCH-CUST-00018,ra**********@outlook.com,+91*****7555,Mumbai,2024-12-31T20:11:46+05:30,635937,635937,LOW,,
cust_0019,MERCH-CUST-00019,la****************@gmail.com,+91*****5423,Ahmedabad,2025-09-17T11:55:50+05:30,830903,830903,LOW,,
cust_0020,MERCH-CUST-00020,ma***********@outlook.com,+91*****7960,Hyderabad,2025-08-26T17:27:36+05:30,2926564,3756264,MEDIUM,,
cust_0021,MERCH-CUST-00021,ai************@outlook.com,+91*****5623,Ahmedabad,2025-01-22T09:44:34+05:30,2910356,21509756,HIGH,,
cust_0022,MERCH-CUST-00022,la****************@gmail.com,+91*****7841,Pune,2025-07-23T13:33:44+05:30,193370,193370,LOW,,
cust_0023,MERCH-CUST-00023,is*********@outlook.com,+91*****9284,Delhi,2026-02-02T23:36:54+05:30,1010083,2709783,MEDIUM,,
cust_0024,MERCH-CUST-00024,is************@outlook.com,+91*****8735,Hyderabad,2025-06-05T16:27:24+05:30,2007442,3357042,MEDIUM,,
cust_0025,MERCH-CUST-00025,an*************@gmail.com,+91*****8391,Delhi,2025-12-26T18:05:20+05:30,0,8799400,HIGH,,
cust_0026,MERCH-CUST-00026,ai************@gmail.com,+91*****4253,Jaipur,2025-05-05T10:23:28+05:30,0,2999600,MEDIUM,,
cust_0027,MERCH-CUST-00027,ai**********@protonmail.com,+91*****1003,Bengaluru,2025-03-12T16:15:57+05:30,832106,847006,LOW,,
cust_0028,MERCH-CUST-00028,di**********@outlook.com,+91*****4651,Jaipur,2025-11-14T09:28:08+05:30,322256,322256,LOW,,
cust_0029,MERCH-CUST-00029,sa*************@yahoo.in,+91*****4141,Kolkata,2025-09-17T22:33:47+05:30,155296,155296,LOW,,
cust_0030,MERCH-CUST-00030,sn**********@gmail.com,+91*****9834,Pune,2025-04-16T05:38:49+05:30,270048,399848,LOW,,
cust_0031,MERCH-CUST-00031,im************@outlook.com,+91*****7782,Hyderabad,2025-04-30T12:44:44+05:30,58284,207984,LOW,,
cust_0032,MERCH-CUST-00032,vi************@gmail.com,+91*****6444,Jaipur,2025-01-23T09:30:40+05:30,449128,749028,LOW,,
cust_0033,MERCH-CUST-00033,ka***************@protonmail.com,+91*****2478,Ahmedabad,2024-11-13T19:43:11+05:30,112333,127233,LOW,,
cust_0034,MERCH-CUST-00034,de********@yahoo.in,+91*****2124,Delhi,2025-01-03T00:55:00+05:30,125868,125868,LOW,,
cust_0035,MERCH-CUST-00035,sn***********@gmail.com,+91*****6024,Kochi,2025-10-13T10:04:31+05:30,2094147,2223947,MEDIUM,,
cust_0036,MERCH-CUST-00036,ni************@outlook.com,+91*****7328,Mumbai,2025-06-01T13:35:40+05:30,0,399900,LOW,,
cust_0037,MERCH-CUST-00037,aa***********@protonmail.com,+91*****5815,Chennai,2025-10-20T19:08:04+05:30,0,2149600,MEDIUM,,
cust_0038,MERCH-CUST-00038,sa************@gmail.com,+91*****4083,Mumbai,2025-08-04T16:05:42+05:30,12628121,17327721,HIGH,,
cust_0039,MERCH-CUST-00039,ar*************@yahoo.in,+91*****6272,Mumbai,2024-10-11T11:21:22+05:30,213035,472835,LOW,,
cust_0040,MERCH-CUST-00040,la************@protonmail.com,+91*****5873,Delhi,2025-08-25T18:55:50+05:30,0,5129300,HIGH,,
cust_0041,MERCH-CUST-00041,an************@protonmail.com,+91*****4061,Kochi,2025-09-01T22:07:01+05:30,62732,62732,LOW,,
cust_0042,MERCH-CUST-00042,ya************@protonmail.com,+91*****3741,Kochi,2025-11-13T15:09:07+05:30,857887,907787,LOW,,
cust_0043,MERCH-CUST-00043,sa**************@protonmail.com,+91*****9208,Chennai,2025-06-15T18:05:54+05:30,80191,480091,LOW,,
cust_0044,MERCH-CUST-00044,vi***********@outlook.com,+91*****5405,Jaipur,2026-02-20T07:02:18+05:30,426259,426259,LOW,,
cust_0045,MERCH-CUST-00045,ka**************@outlook.com,+91*****1543,Kochi,2025-08-04T03:54:33+05:30,0,2209500,MEDIUM,,
cust_0046,MERCH-CUST-00046,aa***********@gmail.com,+91*****3360,Kolkata,2024-11-21T09:07:54+05:30,359992,2639492,MEDIUM,,
cust_0047,MERCH-CUST-00047,ro***********@protonmail.com,+91*****8733,Hyderabad,2025-01-07T17:54:38+05:30,927327,927327,LOW,,
cust_0048,MERCH-CUST-00048,ka**********@gmail.com,+91*****2669,Kochi,2025-10-07T17:39:32+05:30,644826,659726,LOW,,
cust_0049,MERCH-CUST-00049,vi************@yahoo.in,+91*****6560,Chennai,2025-06-04T12:59:51+05:30,426990,826890,LOW,,
cust_0050,MERCH-CUST-00050,ri***********@gmail.com,+91*****4758,Delhi,2025-12-02T15:10:16+05:30,151074,400974,LOW,,
cust_0051,MERCH-CUST-00051,ro**********@gmail.com,+91*****5608,Kolkata,2024-12-17T19:32:37+05:30,476643,556543,LOW,,
cust_0052,MERCH-CUST-00052,ro************@yahoo.in,+91*****3584,Ahmedabad,2024-09-23T09:16:04+05:30,206042,355942,LOW,,
cust_0053,MERCH-CUST-00053,ad*************@gmail.com,+91*****1596,Delhi,2026-01-27T17:33:33+05:30,1849845,3149545,MEDIUM,,
cust_0054,MERCH-CUST-00054,ai***********@gmail.com,+91*****8350,Jaipur,2025-04-25T20:25:54+05:30,0,209800,LOW,,
cust_0055,MERCH-CUST-00055,ro**********@protonmail.com,+91*****8410,Bengaluru,2025-11-24T13:46:59+05:30,594344,2073844,MEDIUM,,
cust_0056,MERCH-CUST-00056,ad***************@yahoo.in,+91*****3965,Kochi,2025-04-02T13:41:39+05:30,720521,720521,LOW,,
cust_0057,MERCH-CUST-00057,ro************@outlook.com,+91*****7628,Kochi,2025-03-19T14:09:08+05:30,580533,580533,LOW,,
cust_0058,MERCH-CUST-00058,vi************@yahoo.in,+91*****3438,Chennai,2024-12-08T19:08:52+05:30,1557416,3587016,MEDIUM,,
cust_0059,MERCH-CUST-00059,po**************@outlook.com,+91*****8700,Kolkata,2025-09-18T13:29:52+05:30,0,5999500,HIGH,,
cust_0060,MERCH-CUST-00060,va***********@yahoo.in,+91*****9234,Ahmedabad,2025-04-03T14:11:32+05:30,824304,824304,LOW,,
cust_0061,MERCH-CUST-00061,im***********@outlook.com,+91*****3045,Bengaluru,2024-11-19T17:50:59+05:30,695329,695329,LOW,,
cust_0062,MERCH-CUST-00062,aa***********@yahoo.in,+91*****3846,Delhi,2024-10-07T09:31:44+05:30,662943,662943,LOW,,
cust_0063,MERCH-CUST-00063,ta**********@outlook.com,+91*****3289,Kolkata,2025-02-25T13:24:09+05:30,793319,793319,LOW,,
cust_0064,MERCH-CUST-00064,pr***********@protonmail.com,+91*****1513,Kolkata,2025-12-19T15:15:12+05:30,461819,461819,LOW,,
cust_0065,MERCH-CUST-00065,ka****************@protonmail.com,+91*****2382,Kochi,2024-12-13T11:52:49+05:30,144975,294875,LOW,,
cust_0066,MERCH-CUST-00066,ka***********@yahoo.in,+91*****6863,Kolkata,2025-02-28T02:26:06+05:30,602332,602332,LOW,,
cust_0067,MERCH-CUST-00067,ya**********@yahoo.in,+91*****3046,Bengaluru,2024-12-02T18:46:34+05:30,316967,316967,LOW,,
cust_0068,MERCH-CUST-00068,ka************@yahoo.in,+91*****2561,Delhi,2025-05-15T17:05:27+05:30,380409,380409,LOW,,
cust_0069,MERCH-CUST-00069,sn***********@gmail.com,+91*****9404,Kolkata,2025-12-18T14:50:03+05:30,0,499800,LOW,,
cust_0070,MERCH-CUST-00070,an***********@outlook.com,+91*****4460,Kochi,2025-01-25T23:21:07+05:30,920260,920260,LOW,,
cust_0071,MERCH-CUST-00071,de*********@gmail.com,+91*****8684,Jaipur,2024-10-24T21:53:37+05:30,624948,624948,LOW,,
cust_0072,MERCH-CUST-00072,vi***********@outlook.com,+91*****6336,Jaipur,2026-02-01T22:39:48+05:30,470367,470367,LOW,,
cust_0073,MERCH-CUST-00073,ka**********@outlook.com,+91*****4074,Mumbai,2024-12-25T16:56:05+05:30,1650589,3230389,MEDIUM,,
cust_0074,MERCH-CUST-00074,si**************@outlook.com,+91*****7125,Bengaluru,2026-01-09T12:57:17+05:30,264685,514585,LOW,,
cust_0075,MERCH-CUST-00075,sn***********@gmail.com,+91*****8838,Jaipur,2025-09-11T12:14:58+05:30,0,239700,LOW,,
cust_0076,MERCH-CUST-00076,de***********@outlook.com,+91*****3684,Kochi,2025-12-12T07:43:43+05:30,0,3299500,MEDIUM,,
cust_0077,MERCH-CUST-00077,di********@yahoo.in,+91*****6506,Kochi,2025-04-08T19:08:12+05:30,852103,852103,LOW,,
cust_0078,MERCH-CUST-00078,ar**********@outlook.com,+91*****9292,Jaipur,2024-10-16T22:38:26+05:30,905738,920638,LOW,,
cust_0079,MERCH-CUST-00079,si*************@outlook.com,+91*****4335,Delhi,2025-03-04T08:51:25+05:30,5135823,10885223,HIGH,,
cust_0080,MERCH-CUST-00080,vi*************@outlook.com,+91*****6742,Kochi,2026-01-16T14:23:55+05:30,1882946,9482546,HIGH,,
cust_0081,MERCH-CUST-00081,ar***********@gmail.com,+91*****1335,Kolkata,2025-10-30T11:55:26+05:30,1796654,4296154,MEDIUM,,
cust_0082,MERCH-CUST-00082,la*************@outlook.com,+91*****1830,Delhi,2024-10-06T10:41:44+05:30,0,169800,LOW,,
cust_0083,MERCH-CUST-00083,ni**********@gmail.com,+91*****9942,Hyderabad,2025-08-08T11:24:18+05:30,2943879,3503579,MEDIUM,,
cust_0084,MERCH-CUST-00084,sa***************@protonmail.com,+91*****7669,Ahmedabad,2025-02-27T12:22:54+05:30,2073654,4213054,MEDIUM,,
cust_0085,MERCH-CUST-00085,is********@protonmail.com,+91*****7704,Pune,2025-12-20T21:50:43+05:30,0,5099400,HIGH,,
cust_0086,MERCH-CUST-00086,de*********@gmail.com,+91*****8188,Kochi,2024-10-05T13:00:47+05:30,2827000,4076800,MEDIUM,,
cust_0087,MERCH-CUST-00087,ka*************@yahoo.in,+91*****4752,Chennai,2025-10-23T22:33:12+05:30,0,249900,LOW,,
cust_0088,MERCH-CUST-00088,ro*********@protonmail.com,+91*****8720,Kochi,2025-03-11T06:52:45+05:30,120833,120833,LOW,,
cust_0089,MERCH-CUST-00089,pr***********@outlook.com,+91*****8990,Kochi,2026-01-12T21:21:07+05:30,0,999600,LOW,,
cust_0090,MERCH-CUST-00090,po***********@yahoo.in,+91*****1490,Hyderabad,2025-12-26T00:25:44+05:30,614781,629681,LOW,,
cust_0091,MERCH-CUST-00091,pr*************@protonmail.com,+91*****1195,Kochi,2025-06-14T21:55:57+05:30,3448215,4197915,MEDIUM,,
cust_0092,MERCH-CUST-00092,aa***********@protonmail.com,+91*****2756,Ahmedabad,2025-03-24T18:06:33+05:30,877497,2777197,MEDIUM,,
cust_0093,MERCH-CUST-00093,ni*************@gmail.com,+91*****9817,Delhi,2025-11-03T10:18:11+05:30,65648,275448,LOW,,
cust_0094,MERCH-CUST-00094,po**********@outlook.com,+91*****9600,Hyderabad,2025-01-06T16:16:36+05:30,106128,106128,LOW,,
cust_0095,MERCH-CUST-00095,ka*************@protonmail.com,+91*****1696,Mumbai,2024-12-25T11:13:37+05:30,0,299900,LOW,,
cust_0096,MERCH-CUST-00096,si***************@gmail.com,+91*****3483,Delhi,2025-04-08T17:22:40+05:30,611643,911543,LOW,,
cust_0097,MERCH-CUST-00097,vi*************@gmail.com,+91*****9463,Pune,2024-11-18T12:09:18+05:30,461877,591777,LOW,,
cust_0098,MERCH-CUST-00098,ka*************@yahoo.in,+91*****4406,Pune,2025-12-15T07:42:25+05:30,478040,478040,LOW,2026-06-15T00:00:00+05:30,chargeback_dispute
cust_0099,MERCH-CUST-00099,ka*************@outlook.com,+91*****5783,Delhi,2025-10-05T06:05:20+05:30,0,2799300,MEDIUM,,
cust_0100,MERCH-CUST-00100,la*************@protonmail.com,+91*****7464,Kolkata,2025-10-29T17:47:54+05:30,352316,502116,LOW,,
cust_0101,MERCH-CUST-00101,ka**************@gmail.com,+91*****5346,Mumbai,2025-08-01T07:10:40+05:30,0,399900,LOW,,
cust_0102,MERCH-CUST-00102,ta**********@gmail.com,+91*****4439,Jaipur,2025-03-31T10:49:38+05:30,1568938,4168638,MEDIUM,,
cust_0103,MERCH-CUST-00103,ni*************@yahoo.in,+91*****9080,Bengaluru,2025-11-11T10:20:06+05:30,0,25999200,HIGH,,
cust_0104,MERCH-CUST-00104,ka************@gmail.com,+91*****3325,Mumbai,2024-12-07T16:10:14+05:30,2811660,4701160,MEDIUM,,
cust_0105,MERCH-CUST-00105,sn**********@yahoo.in,+91*****1667,Jaipur,2026-02-01T20:20:15+05:30,397403,797303,LOW,,
cust_0106,MERCH-CUST-00106,sa**************@outlook.com,+91*****3754,Hyderabad,2025-03-03T20:15:54+05:30,0,449800,LOW,,
cust_0107,MERCH-CUST-00107,ar************@gmail.com,+91*****9585,Kolkata,2025-05-15T14:03:32+05:30,634512,784212,LOW,,
cust_0108,MERCH-CUST-00108,ka***************@yahoo.in,+91*****1075,Ahmedabad,2025-07-12T12:32:19+05:30,1223370,3672970,MEDIUM,,
cust_0109,MERCH-CUST-00109,ta***********@gmail.com,+91*****9086,Chennai,2025-04-16T14:53:59+05:30,2743729,4173429,MEDIUM,,
cust_0110,MERCH-CUST-00110,ta***********@outlook.com,+91*****8610,Hyderabad,2025-04-29T13:22:16+05:30,9988,174788,LOW,,
cust_0111,MERCH-CUST-00111,ka***************@yahoo.in,+91*****7350,Bengaluru,2025-10-21T08:28:01+05:30,0,5149500,HIGH,,
cust_0112,MERCH-CUST-00112,vi**************@yahoo.in,+91*****7886,Pune,2025-10-08T12:55:16+05:30,221956,621856,LOW,,
cust_0113,MERCH-CUST-00113,ar***********@protonmail.com,+91*****8382,Bengaluru,2025-07-19T10:32:08+05:30,522871,822671,LOW,,
cust_0114,MERCH-CUST-00114,ya**********@gmail.com,+91*****8946,Hyderabad,2025-07-15T21:22:03+05:30,275286,325186,LOW,,
cust_0115,MERCH-CUST-00115,ta***********@gmail.com,+91*****4220,Kochi,2025-03-01T18:56:37+05:30,7160,856960,LOW,,
cust_0116,MERCH-CUST-00116,aa*************@yahoo.in,+91*****1581,Chennai,2025-05-22T18:56:11+05:30,576320,611120,LOW,,
cust_0117,MERCH-CUST-00117,aa************@gmail.com,+91*****4081,Delhi,2024-11-22T01:16:22+05:30,565857,565857,LOW,,
cust_0118,MERCH-CUST-00118,pr***************@yahoo.in,+91*****9267,Hyderabad,2026-01-18T17:23:21+05:30,0,249900,LOW,,
cust_0119,MERCH-CUST-00119,im***********@outlook.com,+91*****7130,Jaipur,2025-03-03T15:38:19+05:30,0,2709500,MEDIUM,2027-01-10T00:00:00+05:30,support_escalation
cust_0120,MERCH-CUST-00120,ar***********@gmail.com,+91*****4123,Mumbai,2025-11-16T09:15:03+05:30,1540423,4019823,MEDIUM,,
cust_0121,MERCH-CUST-00121,ma*************@gmail.com,+91*****4099,Mumbai,2025-11-25T09:21:40+05:30,0,4949200,MEDIUM,,
cust_0122,MERCH-CUST-00122,pr***********@yahoo.in,+91*****9356,Delhi,2026-02-23T13:57:57+05:30,203917,268717,LOW,,
cust_0123,MERCH-CUST-00123,la****************@yahoo.in,+91*****2966,Ahmedabad,2025-06-25T09:25:03+05:30,0,17099000,HIGH,,
cust_0124,MERCH-CUST-00124,ka************@outlook.com,+91*****4860,Jaipur,2025-04-01T06:20:57+05:30,79811,309511,LOW,,
cust_0125,MERCH-CUST-00125,vi*************@outlook.com,+91*****2838,Chennai,2025-12-29T12:58:10+05:30,1062971,9412171,HIGH,,
cust_0126,MERCH-CUST-00126,ni************@gmail.com,+91*****3757,Delhi,2025-06-20T15:16:08+05:30,519335,519335,LOW,,
cust_0127,MERCH-CUST-00127,ka************@gmail.com,+91*****5228,Hyderabad,2026-01-22T11:54:38+05:30,52942,52942,LOW,,
cust_0128,MERCH-CUST-00128,im************@protonmail.com,+91*****6899,Bengaluru,2025-09-12T19:40:31+05:30,0,34248900,HIGH,,
cust_0129,MERCH-CUST-00129,ma**************@outlook.com,+91*****8733,Bengaluru,2025-12-18T16:31:17+05:30,4050265,4779965,MEDIUM,,
cust_0130,MERCH-CUST-00130,ta**********@outlook.com,+91*****7700,Delhi,2026-02-12T17:00:01+05:30,158542,158542,LOW,,
cust_0131,MERCH-CUST-00131,ad************@protonmail.com,+91*****4748,Bengaluru,2025-04-24T19:44:37+05:30,657056,816856,LOW,,
cust_0132,MERCH-CUST-00132,ad*************@protonmail.com,+91*****9201,Ahmedabad,2025-09-20T21:57:46+05:30,0,2339500,MEDIUM,,
cust_0133,MERCH-CUST-00133,ar**********@gmail.com,+91*****2317,Kochi,2026-01-10T11:40:16+05:30,0,10049500,HIGH,,
cust_0134,MERCH-CUST-00134,is**********@yahoo.in,+91*****4483,Pune,2025-03-24T14:18:02+05:30,1072736,2262336,MEDIUM,,
cust_0135,MERCH-CUST-00135,ka**************@protonmail.com,+91*****9574,Ahmedabad,2025-05-09T10:07:20+05:30,1304022,2333622,MEDIUM,2026-07-16T00:00:00+05:30,customer_opt_out
cust_0136,MERCH-CUST-00136,ka************@protonmail.com,+91*****1322,Jaipur,2025-12-30T21:27:06+05:30,2838467,4788167,MEDIUM,,
cust_0137,MERCH-CUST-00137,ka*************@yahoo.in,+91*****1738,Bengaluru,2025-10-10T13:25:40+05:30,97064,226964,LOW,,
cust_0138,MERCH-CUST-00138,an************@gmail.com,+91*****8058,Jaipur,2025-01-27T15:51:10+05:30,0,6299200,HIGH,,
cust_0139,MERCH-CUST-00139,ni**************@outlook.com,+91*****6446,Kochi,2025-12-19T11:24:00+05:30,2961642,3921142,MEDIUM,,
cust_0140,MERCH-CUST-00140,sa**************@protonmail.com,+91*****9271,Kochi,2024-09-12T23:29:46+05:30,0,19999000,HIGH,,
cust_0141,MERCH-CUST-00141,po***********@outlook.com,+91*****5273,Chennai,2025-03-20T19:17:24+05:30,0,299900,LOW,,
cust_0142,MERCH-CUST-00142,an**************@protonmail.com,+91*****5243,Hyderabad,2025-02-16T06:38:08+05:30,514549,929349,LOW,,
cust_0143,MERCH-CUST-00143,ri**********@outlook.com,+91*****8873,Pune,2026-02-18T09:10:41+05:30,0,4279500,MEDIUM,,
cust_0144,MERCH-CUST-00144,ya**********@protonmail.com,+91*****9360,Jaipur,2024-11-16T17:20:50+05:30,134824,134824,LOW,,
cust_0145,MERCH-CUST-00145,ai**************@outlook.com,+91*****4357,Mumbai,2025-10-08T08:04:01+05:30,2007013,2446613,MEDIUM,,
cust_0146,MERCH-CUST-00146,va***************@protonmail.com,+91*****3346,Chennai,2026-01-14T20:10:03+05:30,3008319,4508019,MEDIUM,2026-10-03T00:00:00+05:30,chargeback_dispute
cust_0147,MERCH-CUST-00147,va**************@yahoo.in,+91*****2483,Kochi,2025-07-18T19:03:30+05:30,2445307,4095007,MEDIUM,,
cust_0148,MERCH-CUST-00148,is**************@outlook.com,+91*****2465,Bengaluru,2025-12-16T12:10:51+05:30,275919,615619,LOW,,
cust_0149,MERCH-CUST-00149,de********@gmail.com,+91*****4307,Pune,2025-03-01T17:14:31+05:30,656664,721464,LOW,,
cust_0150,MERCH-CUST-00150,aa***********@gmail.com,+91*****4814,Bengaluru,2024-12-01T17:18:40+05:30,143524,593224,LOW,,
cust_0151,MERCH-CUST-00151,im*************@protonmail.com,+91*****7404,Pune,2025-07-15T18:08:11+05:30,194036,194036,LOW,,
cust_0152,MERCH-CUST-00152,si*****************@gmail.com,+91*****6207,Mumbai,2025-01-13T13:02:25+05:30,538266,1588066,MEDIUM,,
cust_0153,MERCH-CUST-00153,va***********@gmail.com,+91*****3217,Jaipur,2025-10-08T08:23:53+05:30,863978,863978,LOW,,
cust_0154,MERCH-CUST-00154,ri**********@outlook.com,+91*****2181,Mumbai,2024-09-20T19:58:04+05:30,739911,15989111,HIGH,,
cust_0155,MERCH-CUST-00155,va***********@yahoo.in,+91*****4041,Pune,2025-02-27T18:08:34+05:30,0,1829600,MEDIUM,,
cust_0156,MERCH-CUST-00156,ma***************@protonmail.com,+91*****3166,Mumbai,2025-12-18T17:58:25+05:30,693656,743556,LOW,,
cust_0157,MERCH-CUST-00157,ta**********@gmail.com,+91*****5247,Bengaluru,2025-04-02T18:48:35+05:30,0,539400,LOW,,
cust_0158,MERCH-CUST-00158,an************@yahoo.in,+91*****7413,Jaipur,2024-09-16T12:32:06+05:30,1080518,3099818,MEDIUM,,
cust_0159,MERCH-CUST-00159,sa**************@gmail.com,+91*****3352,Hyderabad,2025-07-24T12:21:58+05:30,8000025,10849325,HIGH,,
cust_0160,MERCH-CUST-00160,ma***********@protonmail.com,+91*****1103,Jaipur,2025-09-19T13:50:00+05:30,0,13749100,HIGH,,
cust_0161,MERCH-CUST-00161,im************@protonmail.com,+91*****8645,Hyderabad,2026-02-10T11:34:22+05:30,0,11149000,HIGH,,
cust_0162,MERCH-CUST-00162,me************@protonmail.com,+91*****5887,Chennai,2025-11-12T07:47:01+05:30,837474,917374,LOW,,
cust_0163,MERCH-CUST-00163,la*************@gmail.com,+91*****6493,Kochi,2025-09-21T06:54:44+05:30,0,5479500,HIGH,,
cust_0164,MERCH-CUST-00164,me************@protonmail.com,+91*****6062,Mumbai,2025-06-13T21:24:52+05:30,203455,2282955,MEDIUM,,
cust_0165,MERCH-CUST-00165,an**************@yahoo.in,+91*****8771,Ahmedabad,2025-09-18T20:10:17+05:30,0,649800,LOW,,
cust_0166,MERCH-CUST-00166,ka***********@outlook.com,+91*****5669,Kochi,2025-04-13T12:15:05+05:30,302531,702431,LOW,,
cust_0167,MERCH-CUST-00167,ka**********@yahoo.in,+91*****5589,Mumbai,2025-01-05T18:20:43+05:30,514872,544672,LOW,,
cust_0168,MERCH-CUST-00168,me*************@protonmail.com,+91*****9698,Delhi,2025-08-13T11:41:59+05:30,7377240,17826640,HIGH,,
cust_0169,MERCH-CUST-00169,ar************@protonmail.com,+91*****4837,Hyderabad,2025-03-10T12:22:53+05:30,0,23999200,HIGH,,
cust_0170,MERCH-CUST-00170,va************@yahoo.in,+91*****9063,Delhi,2026-02-22T09:53:05+05:30,784328,2613828,MEDIUM,,
cust_0171,MERCH-CUST-00171,me************@protonmail.com,+91*****7164,Kolkata,2025-08-19T16:03:38+05:30,281868,301768,LOW,,
cust_0172,MERCH-CUST-00172,ad************@protonmail.com,+91*****3741,Pune,2025-10-08T08:02:57+05:30,737119,3466619,MEDIUM,,
cust_0173,MERCH-CUST-00173,ra**********@gmail.com,+91*****3872,Mumbai,2025-09-07T08:30:37+05:30,1296484,3176184,MEDIUM,,
cust_0174,MERCH-CUST-00174,sn***********@outlook.com,+91*****1760,Hyderabad,2025-07-08T22:55:06+05:30,108617,258517,LOW,,
cust_0175,MERCH-CUST-00175,va***********@protonmail.com,+91*****5660,Kolkata,2025-04-08T18:50:45+05:30,549051,549051,LOW,,
cust_0176,MERCH-CUST-00176,vi****************@yahoo.in,+91*****9786,Ahmedabad,2025-08-04T14:28:23+05:30,811068,811068,LOW,,
cust_0177,MERCH-CUST-00177,im*************@protonmail.com,+91*****1795,Bengaluru,2025-02-08T11:31:00+05:30,528554,608454,LOW,,
cust_0178,MERCH-CUST-00178,ka***********@yahoo.in,+91*****5305,Mumbai,2025-03-31T21:06:50+05:30,73206,73206,LOW,,
cust_0179,MERCH-CUST-00179,ka************@protonmail.com,+91*****2411,Kolkata,2025-08-04T18:03:41+05:30,34534,454334,LOW,,
cust_0180,MERCH-CUST-00180,me***************@outlook.com,+91*****1199,Mumbai,2025-09-29T18:06:44+05:30,1422321,4371721,MEDIUM,,
cust_0181,MERCH-CUST-00181,an*************@gmail.com,+91*****9831,Chennai,2025-09-13T20:49:18+05:30,1979870,3179470,MEDIUM,2027-02-15T00:00:00+05:30,chargeback_dispute
cust_0182,MERCH-CUST-00182,la************@protonmail.com,+91*****6913,Kochi,2024-11-02T16:27:51+05:30,74059,143859,LOW,,
cust_0183,MERCH-CUST-00183,ai***************@yahoo.in,+91*****1267,Mumbai,2026-02-18T17:17:31+05:30,422273,1801973,MEDIUM,,
cust_0184,MERCH-CUST-00184,ka***************@protonmail.com,+91*****5675,Kochi,2026-01-01T17:10:57+05:30,730059,859959,LOW,,
cust_0185,MERCH-CUST-00185,sa*************@protonmail.com,+91*****9075,Mumbai,2025-10-06T14:41:09+05:30,633493,633493,LOW,,
cust_0186,MERCH-CUST-00186,ra***********@yahoo.in,+91*****6267,Kochi,2025-03-28T11:58:49+05:30,125643,125643,LOW,,
cust_0187,MERCH-CUST-00187,ar**********@outlook.com,+91*****1297,Kochi,2025-06-08T14:23:25+05:30,0,599800,LOW,2026-03-12T00:00:00+05:30,customer_opt_out
cust_0188,MERCH-CUST-00188,aa************@yahoo.in,+91*****1412,Chennai,2025-12-19T16:26:04+05:30,1916410,4266010,MEDIUM,,
cust_0189,MERCH-CUST-00189,ad**************@yahoo.in,+91*****3969,Chennai,2026-01-02T20:28:45+05:30,602322,902222,LOW,,
cust_0190,MERCH-CUST-00190,ri***********@yahoo.in,+91*****6023,Ahmedabad,2024-11-20T16:50:59+05:30,487970,887870,LOW,,
cust_0191,MERCH-CUST-00191,ta************@outlook.com,+91*****7580,Delhi,2025-03-10T21:23:42+05:30,677929,677929,LOW,,
cust_0192,MERCH-CUST-00192,si****************@gmail.com,+91*****7666,Chennai,2024-12-17T17:48:06+05:30,431465,751265,LOW,,
cust_0193,MERCH-CUST-00193,ad*************@yahoo.in,+91*****7945,Pune,2025-08-24T11:45:20+05:30,1222166,4071666,MEDIUM,,
cust_0194,MERCH-CUST-00194,ka*************@outlook.com,+91*****9889,Hyderabad,2024-09-09T11:12:07+05:30,1614102,3213602,MEDIUM,,
cust_0195,MERCH-CUST-00195,me**********@gmail.com,+91*****4100,Kochi,2025-09-08T14:14:51+05:30,0,23049400,HIGH,,
cust_0196,MERCH-CUST-00196,ka***************@yahoo.in,+91*****9801,Kolkata,2025-05-10T15:50:49+05:30,0,3149300,MEDIUM,,
cust_0197,MERCH-CUST-00197,pr************@outlook.com,+91*****5822,Kochi,2025-08-19T15:19:22+05:30,3244353,4243853,MEDIUM,,
cust_0198,MERCH-CUST-00198,ka************@gmail.com,+91*****8524,Chennai,2025-03-28T19:24:14+05:30,136698,666498,LOW,,
cust_0199,MERCH-CUST-00199,ka**************@gmail.com,+91*****2678,Jaipur,2025-12-11T11:44:18+05:30,0,2799500,MEDIUM,,
cust_0200,MERCH-CUST-00200,sn*************@outlook.com,+91*****7808,Mumbai,2024-09-14T19:02:34+05:30,621716,716316,LOW,,
cust_0201,MERCH-CUST-00201,vi*************@gmail.com,+91*****4345,Kolkata,2024-11-28T20:43:05+05:30,0,2129600,MEDIUM,,
cust_0202,MERCH-CUST-00202,an*************@gmail.com,+91*****8885,Pune,2024-09-14T16:56:40+05:30,584686,714586,LOW,,
cust_0203,MERCH-CUST-00203,ro*************@protonmail.com,+91*****9152,Jaipur,2025-11-12T19:18:20+05:30,187571,617371,LOW,,
cust_0204,MERCH-CUST-00204,aa***********@protonmail.com,+91*****3056,Jaipur,2025-10-13T06:22:47+05:30,0,22199200,HIGH,,
cust_0205,MERCH-CUST-00205,is************@protonmail.com,+91*****2151,Mumbai,2025-09-22T22:30:43+05:30,799887,799887,LOW,,
cust_0206,MERCH-CUST-00206,an*************@outlook.com,+91*****9458,Hyderabad,2026-01-24T14:57:56+05:30,0,3109200,MEDIUM,,
cust_0207,MERCH-CUST-00207,ka**************@gmail.com,+91*****9830,Pune,2026-01-18T14:35:52+05:30,436427,436427,LOW,,
cust_0208,MERCH-CUST-00208,po************@protonmail.com,+91*****6750,Pune,2025-02-16T14:26:54+05:30,0,399900,LOW,,
cust_0209,MERCH-CUST-00209,di***********@yahoo.in,+91*****8210,Bengaluru,2025-08-28T15:42:47+05:30,86673,836373,LOW,,
cust_0210,MERCH-CUST-00210,va***********@yahoo.in,+91*****9153,Kochi,2025-07-16T22:40:47+05:30,6265611,11015011,HIGH,,
cust_0211,MERCH-CUST-00211,is************@yahoo.in,+91*****4539,Jaipur,2025-05-19T08:14:20+05:30,3982185,4511985,MEDIUM,2026-06-15T00:00:00+05:30,customer_opt_out
cust_0212,MERCH-CUST-00212,ad**************@yahoo.in,+91*****6178,Jaipur,2024-12-03T15:45:45+05:30,940097,940097,LOW,,
cust_0213,MERCH-CUST-00213,vi************@yahoo.in,+91*****3802,Kolkata,2024-12-27T12:13:14+05:30,504030,504030,LOW,,
cust_0214,MERCH-CUST-00214,sn***********@gmail.com,+91*****5300,Pune,2025-05-25T03:08:17+05:30,2263533,2963233,MEDIUM,,
cust_0215,MERCH-CUST-00215,is************@protonmail.com,+91*****8212,Hyderabad,2025-08-14T01:06:00+05:30,0,3749600,MEDIUM,,
cust_0216,MERCH-CUST-00216,ra*************@yahoo.in,+91*****8445,Kolkata,2025-10-17T15:38:43+05:30,753293,903193,LOW,,
cust_0217,MERCH-CUST-00217,sn************@yahoo.in,+91*****9205,Kolkata,2024-10-03T10:04:16+05:30,848923,1998123,MEDIUM,,
cust_0218,MERCH-CUST-00218,an*************@gmail.com,+91*****7785,Hyderabad,2025-03-16T13:54:37+05:30,766008,815908,LOW,,
cust_0219,MERCH-CUST-00219,aa*************@outlook.com,+91*****8420,Pune,2024-10-28T08:12:21+05:30,0,799600,LOW,,
cust_0220,MERCH-CUST-00220,vi*************@outlook.com,+91*****5941,Jaipur,2025-09-08T11:56:22+05:30,485901,485901,LOW,,
cust_0221,MERCH-CUST-00221,va************@gmail.com,+91*****2437,Hyderabad,2025-02-03T19:52:24+05:30,3063307,4113107,MEDIUM,,
cust_0222,MERCH-CUST-00222,an*************@outlook.com,+91*****6059,Delhi,2026-02-07T17:20:19+05:30,830768,830768,LOW,,
cust_0223,MERCH-CUST-00223,si****************@gmail.com,+91*****8324,Pune,2025-12-03T22:47:13+05:30,118725,118725,LOW,,
cust_0224,MERCH-CUST-00224,ni***********@yahoo.in,+91*****6186,Delhi,2025-06-21T22:49:29+05:30,337954,637854,LOW,,
cust_0225,MERCH-CUST-00225,is***********@yahoo.in,+91*****8244,Pune,2025-06-26T11:06:13+05:30,211713,211713,LOW,,
cust_0226,MERCH-CUST-00226,ra***********@gmail.com,+91*****8312,Kolkata,2025-05-28T20:26:30+05:30,0,549800,LOW,,
cust_0227,MERCH-CUST-00227,ni*************@outlook.com,+91*****3493,Pune,2025-09-02T20:16:14+05:30,719279,719279,LOW,,
cust_0228,MERCH-CUST-00228,va************@yahoo.in,+91*****3424,Chennai,2024-09-08T08:46:12+05:30,448715,463615,LOW,,
cust_0229,MERCH-CUST-00229,is***********@yahoo.in,+91*****6182,Delhi,2026-02-04T19:52:22+05:30,0,3699500,MEDIUM,,
cust_0230,MERCH-CUST-00230,po**********@yahoo.in,+91*****4172,Kolkata,2025-11-12T10:46:10+05:30,274845,419645,LOW,,
cust_0231,MERCH-CUST-00231,sa*************@gmail.com,+91*****9870,Kolkata,2025-01-16T07:18:15+05:30,0,21749100,HIGH,,
cust_0232,MERCH-CUST-00232,ka************@outlook.com,+91*****5565,Delhi,2024-11-13T18:40:30+05:30,243122,792922,LOW,,
cust_0233,MERCH-CUST-00233,de*********@protonmail.com,+91*****9074,Mumbai,2024-11-18T21:31:49+05:30,890358,890358,LOW,,
cust_0234,MERCH-CUST-00234,me************@gmail.com,+91*****4069,Pune,2024-10-08T22:33:40+05:30,1870961,2700361,MEDIUM,,
cust_0235,MERCH-CUST-00235,po**************@yahoo.in,+91*****8877,Mumbai,2025-05-15T18:18:56+05:30,1335361,3064861,MEDIUM,,
cust_0236,MERCH-CUST-00236,ra************@outlook.com,+91*****5350,Delhi,2025-08-01T10:32:43+05:30,0,2649500,MEDIUM,,
cust_0237,MERCH-CUST-00237,ad*************@gmail.com,+91*****6502,Bengaluru,2025-10-08T15:47:19+05:30,964589,4644089,MEDIUM,,
cust_0238,MERCH-CUST-00238,ai************@yahoo.in,+91*****6123,Kochi,2025-04-01T16:44:32+05:30,0,799800,LOW,,
cust_0239,MERCH-CUST-00239,la************@protonmail.com,+91*****9020,Bengaluru,2026-01-26T09:27:16+05:30,1699659,3279459,MEDIUM,,
cust_0240,MERCH-CUST-00240,ri***********@yahoo.in,+91*****5422,Pune,2025-05-29T20:50:33+05:30,947295,947295,LOW,,
cust_0241,MERCH-CUST-00241,me************@yahoo.in,+91*****9895,Kochi,2026-01-13T14:34:34+05:30,793660,793660,LOW,,
cust_0242,MERCH-CUST-00242,di**************@yahoo.in,+91*****6158,Chennai,2025-04-05T13:38:26+05:30,23780,43680,LOW,,
cust_0243,MERCH-CUST-00243,pr************@protonmail.com,+91*****7233,Jaipur,2025-02-11T18:20:17+05:30,2405906,3045406,MEDIUM,,
cust_0244,MERCH-CUST-00244,is***********@gmail.com,+91*****7351,Ahmedabad,2025-08-01T13:07:45+05:30,308903,323803,LOW,,
cust_0245,MERCH-CUST-00245,is***********@protonmail.com,+91*****7538,Jaipur,2026-01-01T12:18:23+05:30,671747,691647,LOW,,
cust_0246,MERCH-CUST-00246,ka**************@protonmail.com,+91*****4141,Kochi,2024-10-17T22:31:57+05:30,119323,119323,LOW,,
cust_0247,MERCH-CUST-00247,vi*************@gmail.com,+91*****5992,Pune,2024-09-11T20:55:21+05:30,0,699800,LOW,,
cust_0248,MERCH-CUST-00248,ra***********@protonmail.com,+91*****1220,Kolkata,2024-11-20T14:45:09+05:30,314424,314424,LOW,,
cust_0249,MERCH-CUST-00249,an************@outlook.com,+91*****3736,Jaipur,2025-09-08T20:08:22+05:30,264500,414400,LOW,,
cust_0250,MERCH-CUST-00250,ro***********@gmail.com,+91*****5310,Jaipur,2025-07-22T13:04:05+05:30,148301,148301,LOW,,
cust_0251,MERCH-CUST-00251,ro************@protonmail.com,+91*****8735,Delhi,2025-07-01T18:27:26+05:30,835574,915474,LOW,,
cust_0252,MERCH-CUST-00252,vi************@gmail.com,+91*****6369,Kochi,2025-07-10T10:30:06+05:30,281986,281986,LOW,,
cust_0253,MERCH-CUST-00253,ra************@outlook.com,+91*****7688,Kochi,2025-09-05T20:08:11+05:30,1333950,3133450,MEDIUM,,
cust_0254,MERCH-CUST-00254,ni**************@yahoo.in,+91*****2422,Pune,2024-11-11T19:43:01+05:30,565552,695452,LOW,,
cust_0255,MERCH-CUST-00255,me***************@yahoo.in,+91*****1601,Jaipur,2025-10-31T20:41:32+05:30,0,2049500,MEDIUM,,
cust_0256,MERCH-CUST-00256,sa****************@gmail.com,+91*****9103,Kolkata,2026-01-04T12:55:42+05:30,280421,930221,LOW,,
cust_0257,MERCH-CUST-00257,po***********@outlook.com,+91*****8195,Kolkata,2025-12-10T13:22:13+05:30,0,479800,LOW,,
cust_0258,MERCH-CUST-00258,ta***********@protonmail.com,+91*****1040,Chennai,2025-02-17T12:18:15+05:30,382103,446903,LOW,,
cust_0259,MERCH-CUST-00259,sn***************@protonmail.com,+91*****8632,Bengaluru,2025-05-01T16:51:59+05:30,0,3279300,MEDIUM,,
cust_0260,MERCH-CUST-00260,ar***********@yahoo.in,+91*****1154,Ahmedabad,2026-02-03T17:03:59+05:30,0,11449600,HIGH,,
cust_0261,MERCH-CUST-00261,ra************@outlook.com,+91*****7914,Pune,2025-10-10T17:02:02+05:30,291245,386045,LOW,,
cust_0262,MERCH-CUST-00262,ka*************@gmail.com,+91*****8072,Kolkata,2024-12-29T19:56:02+05:30,391908,391908,LOW,,
cust_0263,MERCH-CUST-00263,la*************@outlook.com,+91*****4543,Bengaluru,2026-01-13T18:20:04+05:30,614193,614193,LOW,,
cust_0264,MERCH-CUST-00264,va***********@gmail.com,+91*****4288,Ahmedabad,2025-11-20T23:23:18+05:30,0,27899400,HIGH,,
cust_0265,MERCH-CUST-00265,an***********@yahoo.in,+91*****9821,Pune,2025-04-15T16:28:25+05:30,0,2729500,MEDIUM,,
cust_0266,MERCH-CUST-00266,an**************@outlook.com,+91*****8478,Kochi,2024-10-25T19:08:53+05:30,0,10199200,HIGH,,
cust_0267,MERCH-CUST-00267,ro***********@protonmail.com,+91*****6782,Chennai,2025-10-10T15:07:37+05:30,0,3049600,MEDIUM,,
cust_0268,MERCH-CUST-00268,ad************@outlook.com,+91*****2983,Hyderabad,2025-12-24T12:49:25+05:30,3890576,4220376,MEDIUM,,
cust_0269,MERCH-CUST-00269,ra***********@outlook.com,+91*****9037,Chennai,2025-09-15T12:18:18+05:30,3140374,4470174,MEDIUM,,
cust_0270,MERCH-CUST-00270,ni*************@gmail.com,+91*****1864,Hyderabad,2025-10-31T19:13:55+05:30,794897,4394597,MEDIUM,,
cust_0271,MERCH-CUST-00271,sa*************@protonmail.com,+91*****3268,Chennai,2024-09-20T18:46:51+05:30,1735662,10534962,HIGH,,
cust_0272,MERCH-CUST-00272,aa************@outlook.com,+91*****3786,Mumbai,2024-09-20T19:30:33+05:30,97695,97695,LOW,,
cust_0273,MERCH-CUST-00273,di***********@gmail.com,+91*****6982,Delhi,2025-05-30T08:14:51+05:30,0,3099700,MEDIUM,,
cust_0274,MERCH-CUST-00274,po***************@gmail.com,+91*****2122,Jaipur,2025-03-29T10:05:28+05:30,0,8199600,HIGH,,
cust_0275,MERCH-CUST-00275,me***********@gmail.com,+91*****9778,Ahmedabad,2026-01-05T17:01:50+05:30,1305756,1685556,MEDIUM,,
cust_0276,MERCH-CUST-00276,vi*************@yahoo.in,+91*****9551,Kochi,2025-02-25T01:04:35+05:30,159190,159190,LOW,,
cust_0277,MERCH-CUST-00277,la****************@yahoo.in,+91*****3428,Delhi,2025-08-17T19:00:48+05:30,672405,672405,LOW,,
cust_0278,MERCH-CUST-00278,la**************@yahoo.in,+91*****5566,Kolkata,2024-10-22T16:23:51+05:30,70067,349867,LOW,,
cust_0279,MERCH-CUST-00279,ni**************@protonmail.com,+91*****4675,Kolkata,2025-09-13T15:56:23+05:30,89447,234247,LOW,,
cust_0280,MERCH-CUST-00280,pr************@yahoo.in,+91*****6539,Hyderabad,2025-11-28T16:31:55+05:30,626538,626538,LOW,,
cust_0281,MERCH-CUST-00281,ma**************@yahoo.in,+91*****3811,Kochi,2025-03-26T10:20:10+05:30,0,4099400,MEDIUM,,
cust_0282,MERCH-CUST-00282,ka**************@yahoo.in,+91*****7143,Kochi,2025-04-15T12:09:29+05:30,18271,568071,LOW,,
cust_0283,MERCH-CUST-00283,ka*************@gmail.com,+91*****6362,Chennai,2026-02-17T19:19:40+05:30,9141794,11791094,HIGH,,
cust_0284,MERCH-CUST-00284,me*************@outlook.com,+91*****5943,Bengaluru,2025-01-31T12:54:27+05:30,462398,762298,LOW,,
cust_0285,MERCH-CUST-00285,ai***************@protonmail.com,+91*****8919,Bengaluru,2024-11-20T06:48:44+05:30,15398331,18247931,HIGH,,
cust_0286,MERCH-CUST-00286,me***************@outlook.com,+91*****3798,Mumbai,2025-04-09T13:51:42+05:30,545083,674983,LOW,,
cust_0287,MERCH-CUST-00287,vi************@protonmail.com,+91*****8982,Kolkata,2025-10-13T10:09:12+05:30,3696828,5896528,HIGH,2026-09-29T00:00:00+05:30,support_escalation
cust_0288,MERCH-CUST-00288,va**************@outlook.com,+91*****6492,Chennai,2025-12-11T06:00:51+05:30,44156,44156,LOW,,
cust_0289,MERCH-CUST-00289,ya*************@protonmail.com,+91*****8251,Jaipur,2025-11-24T19:20:07+05:30,0,299900,LOW,,
cust_0290,MERCH-CUST-00290,an************@protonmail.com,+91*****6047,Jaipur,2025-05-07T21:30:33+05:30,0,33998900,HIGH,,
cust_0291,MERCH-CUST-00291,vi****************@yahoo.in,+91*****5644,Ahmedabad,2025-03-14T11:22:37+05:30,1112136,2891836,MEDIUM,,
cust_0292,MERCH-CUST-00292,ad*************@gmail.com,+91*****2232,Kolkata,2024-12-30T07:55:24+05:30,0,28699100,HIGH,,
cust_0293,MERCH-CUST-00293,ta***********@protonmail.com,+91*****1372,Ahmedabad,2025-07-07T21:24:23+05:30,170466,170466,LOW,,
cust_0294,MERCH-CUST-00294,ad************@outlook.com,+91*****2458,Pune,2025-09-12T21:43:31+05:30,3364266,4314066,MEDIUM,,
cust_0295,MERCH-CUST-00295,aa**********@outlook.com,+91*****4516,Delhi,2025-12-31T18:27:40+05:30,681855,831755,LOW,,
cust_0296,MERCH-CUST-00296,ni**************@outlook.com,+91*****8566,Hyderabad,2024-12-03T19:02:44+05:30,0,23549000,HIGH,,
cust_0297,MERCH-CUST-00297,ni***********@gmail.com,+91*****9171,Bengaluru,2025-05-23T22:52:20+05:30,0,12949500,HIGH,,
cust_0298,MERCH-CUST-00298,ad*************@gmail.com,+91*****2142,Hyderabad,2025-12-18T08:15:08+05:30,675980,875780,LOW,,
cust_0299,MERCH-CUST-00299,la**************@gmail.com,+91*****6216,Chennai,2026-01-23T14:05:41+05:30,0,449800,LOW,,
cust_0300,MERCH-CUST-00300,vi*************@outlook.com,+91*****8092,Pune,2025-05-02T18:20:45+05:30,502738,902638,LOW,,
cust_0301,MERCH-CUST-00301,ya**********@yahoo.in,+91*****9701,Kolkata,2025-05-10T11:53:55+05:30,374833,374833,LOW,,
cust_0302,MERCH-CUST-00302,ya************@gmail.com,+91*****3427,Pune,2025-11-26T17:31:08+05:30,0,1819400,MEDIUM,,
cust_0303,MERCH-CUST-00303,ya**********@yahoo.in,+91*****8324,Ahmedabad,2025-07-10T10:59:37+05:30,980978,4130678,MEDIUM,,
cust_0304,MERCH-CUST-00304,ya*********@yahoo.in,+91*****4751,Kolkata,2025-07-24T19:20:31+05:30,412501,412501,LOW,,
cust_0305,MERCH-CUST-00305,is*********@protonmail.com,+91*****3941,Jaipur,2024-09-26T18:18:23+05:30,762810,857610,LOW,,
cust_0306,MERCH-CUST-00306,ad************@protonmail.com,+91*****6152,Delhi,2025-11-10T10:17:53+05:30,2406597,3256197,MEDIUM,,
cust_0307,MERCH-CUST-00307,de***********@yahoo.in,+91*****8414,Ahmedabad,2025-11-26T13:24:19+05:30,988519,3388119,MEDIUM,,
cust_0308,MERCH-CUST-00308,pr************@gmail.com,+91*****3063,Pune,2025-08-17T10:49:27+05:30,752058,781858,LOW,,
cust_0309,MERCH-CUST-00309,an************@outlook.com,+91*****2903,Hyderabad,2025-05-13T18:14:28+05:30,400321,450221,LOW,,
cust_0310,MERCH-CUST-00310,vi**************@yahoo.in,+91*****7932,Mumbai,2025-09-03T06:56:06+05:30,458120,657920,LOW,,
cust_0311,MERCH-CUST-00311,sa***************@protonmail.com,+91*****1516,Delhi,2024-09-13T17:26:51+05:30,456557,706457,LOW,,
cust_0312,MERCH-CUST-00312,ka*************@protonmail.com,+91*****7170,Ahmedabad,2025-10-13T19:39:15+05:30,1890902,3540702,MEDIUM,,
cust_0313,MERCH-CUST-00313,me**************@protonmail.com,+91*****7492,Hyderabad,2025-11-06T20:09:10+05:30,266890,646690,LOW,,
cust_0314,MERCH-CUST-00314,ra**************@outlook.com,+91*****3987,Kochi,2025-10-02T21:46:42+05:30,4174124,4523924,MEDIUM,,
cust_0315,MERCH-CUST-00315,ni***************@protonmail.com,+91*****5758,Pune,2025-06-01T19:27:54+05:30,2663339,3143139,MEDIUM,,
cust_0316,MERCH-CUST-00316,me*************@protonmail.com,+91*****5070,Kochi,2025-11-15T14:16:54+05:30,468446,783246,LOW,,
cust_0317,MERCH-CUST-00317,pr*************@outlook.com,+91*****2571,Kochi,2024-10-12T19:41:15+05:30,827162,13725862,HIGH,,
cust_0318,MERCH-CUST-00318,la**************@yahoo.in,+91*****5897,Kolkata,2026-02-12T11:02:14+05:30,563781,563781,LOW,,
cust_0319,MERCH-CUST-00319,ni************@yahoo.in,+91*****7985,Jaipur,2025-08-27T08:37:11+05:30,386478,686378,LOW,,
cust_0320,MERCH-CUST-00320,im***********@yahoo.in,+91*****1754,Pune,2025-09-28T23:27:36+05:30,821726,821726,LOW,,
cust_0321,MERCH-CUST-00321,an************@gmail.com,+91*****6225,Delhi,2024-10-28T19:59:58+05:30,199775,759475,LOW,,
cust_0322,MERCH-CUST-00322,ka**************@protonmail.com,+91*****6783,Kolkata,2024-12-10T17:40:14+05:30,87519,87519,LOW,,
cust_0323,MERCH-CUST-00323,ta***********@outlook.com,+91*****9257,Mumbai,2024-10-02T09:01:25+05:30,1017268,2696968,MEDIUM,,
cust_0324,MERCH-CUST-00324,im************@gmail.com,+91*****3245,Jaipur,2025-03-18T19:32:55+05:30,0,129900,LOW,,
cust_0325,MERCH-CUST-00325,ka*************@gmail.com,+91*****1402,Chennai,2025-04-04T19:16:53+05:30,0,299900,LOW,,
cust_0326,MERCH-CUST-00326,ka************@protonmail.com,+91*****4546,Kochi,2025-03-18T21:07:41+05:30,2155594,4434994,MEDIUM,,
cust_0327,MERCH-CUST-00327,ni*************@outlook.com,+91*****6510,Mumbai,2025-12-12T13:52:05+05:30,2610987,3240687,MEDIUM,,
cust_0328,MERCH-CUST-00328,im*************@yahoo.in,+91*****8952,Chennai,2025-03-09T14:12:59+05:30,401046,650946,LOW,,
cust_0329,MERCH-CUST-00329,ar************@outlook.com,+91*****7659,Ahmedabad,2025-06-17T16:15:34+05:30,3025305,3625005,MEDIUM,,
cust_0330,MERCH-CUST-00330,ma**************@gmail.com,+91*****3597,Chennai,2025-05-14T13:45:32+05:30,644565,794465,LOW,,
cust_0331,MERCH-CUST-00331,aa************@protonmail.com,+91*****1795,Kolkata,2025-01-02T11:55:35+05:30,0,34799300,HIGH,,
cust_0332,MERCH-CUST-00332,ka*************@yahoo.in,+91*****1872,Kochi,2026-01-20T21:25:42+05:30,90165,90165,LOW,,
cust_0333,MERCH-CUST-00333,is**********@yahoo.in,+91*****7015,Chennai,2024-11-01T20:41:01+05:30,248404,498304,LOW,,
cust_0334,MERCH-CUST-00334,ni*************@protonmail.com,+91*****1660,Bengaluru,2024-11-24T09:19:35+05:30,736352,866252,LOW,,
cust_0335,MERCH-CUST-00335,va*************@outlook.com,+91*****3184,Jaipur,2026-01-23T11:20:51+05:30,239198,618998,LOW,,
cust_0336,MERCH-CUST-00336,pr************@outlook.com,+91*****1563,Kolkata,2025-01-20T13:32:22+05:30,682908,812808,LOW,,
cust_0337,MERCH-CUST-00337,ni*************@yahoo.in,+91*****4175,Bengaluru,2025-11-12T20:57:32+05:30,0,5249400,HIGH,,
cust_0338,MERCH-CUST-00338,de*************@gmail.com,+91*****7149,Pune,2025-07-07T19:13:30+05:30,254922,274822,LOW,,
cust_0339,MERCH-CUST-00339,ni***********@outlook.com,+91*****8957,Hyderabad,2025-03-07T19:23:16+05:30,277947,292847,LOW,,
cust_0340,MERCH-CUST-00340,po************@yahoo.in,+91*****2763,Jaipur,2025-08-30T14:09:51+05:30,737347,737347,LOW,,
cust_0341,MERCH-CUST-00341,ni****************@outlook.com,+91*****8090,Delhi,2026-01-02T14:43:28+05:30,3179542,4579242,MEDIUM,,
cust_0342,MERCH-CUST-00342,di**************@protonmail.com,+91*****9869,Chennai,2024-12-29T16:05:41+05:30,936960,936960,LOW,,
cust_0343,MERCH-CUST-00343,ni************@protonmail.com,+91*****9636,Kolkata,2025-10-09T17:10:48+05:30,0,339700,LOW,,
cust_0344,MERCH-CUST-00344,sn*************@protonmail.com,+91*****5338,Bengaluru,2025-12-18T20:55:23+05:30,261882,1341582,MEDIUM,,
cust_0345,MERCH-CUST-00345,aa**************@gmail.com,+91*****2870,Jaipur,2025-01-17T23:13:21+05:30,540700,540700,LOW,,
cust_0346,MERCH-CUST-00346,ar**********@outlook.com,+91*****7767,Kolkata,2025-01-12T11:52:23+05:30,3050911,4600511,MEDIUM,,
cust_0347,MERCH-CUST-00347,ri************@outlook.com,+91*****5717,Mumbai,2025-08-29T19:26:45+05:30,361388,781188,LOW,,
cust_0348,MERCH-CUST-00348,ad***************@protonmail.com,+91*****2320,Jaipur,2025-05-05T19:09:39+05:30,417461,432361,LOW,,
cust_0349,MERCH-CUST-00349,pr***********@yahoo.in,+91*****4577,Kochi,2025-10-21T00:03:32+05:30,617993,947793,LOW,,
cust_0350,MERCH-CUST-00350,sn************@protonmail.com,+91*****1862,Delhi,2024-10-01T22:21:34+05:30,761215,761215,LOW,,
cust_0351,MERCH-CUST-00351,ra***************@yahoo.in,+91*****7643,Jaipur,2025-10-14T13:59:26+05:30,160747,410647,LOW,,
cust_0352,MERCH-CUST-00352,aa***********@gmail.com,+91*****5306,Chennai,2025-09-16T19:41:58+05:30,1884110,2184010,MEDIUM,,
cust_0353,MERCH-CUST-00353,sa**************@outlook.com,+91*****5385,Ahmedabad,2025-12-04T11:56:00+05:30,0,2699500,MEDIUM,,
cust_0354,MERCH-CUST-00354,ra************@outlook.com,+91*****1563,Pune,2025-12-20T18:03:54+05:30,748887,748887,LOW,,
cust_0355,MERCH-CUST-00355,aa***********@gmail.com,+91*****9598,Hyderabad,2024-09-30T20:59:24+05:30,7099737,10249437,HIGH,,
cust_0356,MERCH-CUST-00356,si*****************@yahoo.in,+91*****2160,Hyderabad,2025-09-30T13:16:40+05:30,3320476,17819776,HIGH,,
cust_0357,MERCH-CUST-00357,ad*************@yahoo.in,+91*****4391,Chennai,2026-02-07T15:32:47+05:30,744016,744016,LOW,2026-06-30T00:00:00+05:30,chargeback_dispute
cust_0358,MERCH-CUST-00358,ra**********@protonmail.com,+91*****9870,Chennai,2025-09-30T21:44:35+05:30,0,429800,LOW,,
cust_0359,MERCH-CUST-00359,me************@protonmail.com,+91*****3176,Pune,2025-02-06T15:15:32+05:30,354891,354891,LOW,,
cust_0360,MERCH-CUST-00360,ya**********@gmail.com,+91*****4886,Kolkata,2024-10-08T12:02:15+05:30,368917,818717,LOW,,
cust_0361,MERCH-CUST-00361,ka***************@yahoo.in,+91*****1576,Chennai,2025-01-27T17:30:12+05:30,7695384,15494684,HIGH,,
cust_0362,MERCH-CUST-00362,ai************@yahoo.in,+91*****9694,Jaipur,2025-04-24T12:01:27+05:30,0,3549500,MEDIUM,2026-12-13T00:00:00+05:30,chargeback_dispute
cust_0363,MERCH-CUST-00363,me***********@gmail.com,+91*****7968,Bengaluru,2025-10-13T18:57:46+05:30,582851,1662551,MEDIUM,,
cust_0364,MERCH-CUST-00364,ad************@gmail.com,+91*****7428,Kochi,2025-02-24T11:24:20+05:30,2384875,3534275,MEDIUM,,
cust_0365,MERCH-CUST-00365,po************@protonmail.com,+91*****8914,Hyderabad,2025-04-04T18:44:44+05:30,1825672,3105272,MEDIUM,,
cust_0366,MERCH-CUST-00366,im************@outlook.com,+91*****1360,Ahmedabad,2024-10-11T12:01:39+05:30,529136,529136,LOW,,
cust_0367,MERCH-CUST-00367,ni*************@protonmail.com,+91*****8344,Ahmedabad,2025-07-11T08:53:45+05:30,277227,357127,LOW,,
cust_0368,MERCH-CUST-00368,ai***********@gmail.com,+91*****5739,Bengaluru,2025-02-11T14:07:17+05:30,5306352,9955652,HIGH,,
cust_0369,MERCH-CUST-00369,an**********@gmail.com,+91*****2740,Chennai,2024-10-15T22:39:09+05:30,86377,356177,LOW,,
cust_0370,MERCH-CUST-00370,ya*********@protonmail.com,+91*****3903,Ahmedabad,2024-12-01T14:03:03+05:30,2480024,3629624,MEDIUM,,
cust_0371,MERCH-CUST-00371,an************@outlook.com,+91*****2042,Ahmedabad,2024-10-08T17:06:02+05:30,72267,372167,LOW,,
cust_0372,MERCH-CUST-00372,la**************@protonmail.com,+91*****2614,Delhi,2025-05-27T14:01:30+05:30,538143,538143,LOW,,
cust_0373,MERCH-CUST-00373,ka***********@yahoo.in,+91*****5935,Delhi,2025-11-23T20:15:55+05:30,0,13299200,HIGH,,
cust_0374,MERCH-CUST-00374,ar***************@protonmail.com,+91*****9216,Hyderabad,2025-10-12T19:20:07+05:30,519665,2569165,MEDIUM,,
cust_0375,MERCH-CUST-00375,ni**************@yahoo.in,+91*****7690,Pune,2025-06-20T19:32:33+05:30,308785,308785,LOW,,
cust_0376,MERCH-CUST-00376,im***********@yahoo.in,+91*****4692,Ahmedabad,2026-02-15T15:35:12+05:30,14781801,17531401,HIGH,,
cust_0377,MERCH-CUST-00377,de*********@gmail.com,+91*****8138,Kochi,2025-12-31T05:02:37+05:30,179551,429451,LOW,,
cust_0378,MERCH-CUST-00378,ma**************@yahoo.in,+91*****6079,Mumbai,2025-07-16T14:00:32+05:30,223080,352980,LOW,,
cust_0379,MERCH-CUST-00379,si***************@yahoo.in,+91*****6966,Kolkata,2024-12-31T18:02:18+05:30,151268,301168,LOW,,
cust_0380,MERCH-CUST-00380,im***********@gmail.com,+91*****8631,Kolkata,2025-01-15T09:33:57+05:30,7364,87264,LOW,,
cust_0381,MERCH-CUST-00381,ni************@outlook.com,+91*****2608,Ahmedabad,2024-11-05T10:50:01+05:30,2232866,4182566,MEDIUM,,
cust_0382,MERCH-CUST-00382,la**************@yahoo.in,+91*****9295,Kochi,2025-05-19T21:41:01+05:30,0,22049300,HIGH,,
cust_0383,MERCH-CUST-00383,di**************@gmail.com,+91*****3016,Kochi,2024-09-15T09:20:26+05:30,0,129900,LOW,,
cust_0384,MERCH-CUST-00384,ra*************@gmail.com,+91*****3160,Chennai,2025-04-22T09:00:11+05:30,487414,737314,LOW,,
cust_0385,MERCH-CUST-00385,ta************@yahoo.in,+91*****4092,Ahmedabad,2025-11-25T14:23:37+05:30,1541138,1840938,MEDIUM,,
cust_0386,MERCH-CUST-00386,vi************@yahoo.in,+91*****8847,Bengaluru,2025-12-15T19:35:23+05:30,431026,510926,LOW,,
cust_0387,MERCH-CUST-00387,ra************@outlook.com,+91*****3900,Delhi,2025-09-30T22:12:32+05:30,430384,4629984,MEDIUM,,
cust_0388,MERCH-CUST-00388,ni*************@protonmail.com,+91*****9894,Hyderabad,2024-12-09T19:07:58+05:30,0,129900,LOW,,
cust_0389,MERCH-CUST-00389,ka************@outlook.com,+91*****7352,Kolkata,2025-04-01T20:14:22+05:30,56821,76721,LOW,,
cust_0390,MERCH-CUST-00390,ri************@gmail.com,+91*****4614,Chennai,2025-04-09T13:07:25+05:30,2034712,4564312,MEDIUM,,
cust_0391,MERCH-CUST-00391,ad***********@yahoo.in,+91*****6657,Mumbai,2024-10-04T15:24:12+05:30,266179,266179,LOW,,
cust_0392,MERCH-CUST-00392,ka************@outlook.com,+91*****2828,Chennai,2026-01-27T02:59:06+05:30,642044,771944,LOW,,
cust_0393,MERCH-CUST-00393,ta**********@gmail.com,+91*****2247,Bengaluru,2025-01-29T18:13:05+05:30,81243,511043,LOW,,
cust_0394,MERCH-CUST-00394,ai************@gmail.com,+91*****1718,Pune,2025-03-10T12:07:32+05:30,693869,693869,LOW,,
cust_0395,MERCH-CUST-00395,ri***********@protonmail.com,+91*****2592,Kolkata,2025-07-17T14:14:54+05:30,2896785,4226185,MEDIUM,,
cust_0396,MERCH-CUST-00396,la***************@protonmail.com,+91*****5027,Kochi,2026-01-14T18:12:36+05:30,215095,284895,LOW,,
cust_0397,MERCH-CUST-00397,im**************@gmail.com,+91*****4678,Bengaluru,2025-02-06T14:52:41+05:30,784633,2684333,MEDIUM,,
cust_0398,MERCH-CUST-00398,ad*************@gmail.com,+91*****6259,Kochi,2025-09-03T15:21:22+05:30,601077,601077,LOW,,
cust_0399,MERCH-CUST-00399,ri**********@gmail.com,+91*****6041,Chennai,2025-06-21T07:33:51+05:30,42166,42166,LOW,,
cust_0400,MERCH-CUST-00400,la*************@protonmail.com,+91*****3828,Delhi,2024-09-28T17:07:10+05:30,0,399900,LOW,,
cust_0401,MERCH-CUST-00401,va**************@gmail.com,+91*****1836,Pune,2025-04-11T17:21:12+05:30,883092,883092,LOW,2026-06-27T00:00:00+05:30,support_escalation
cust_0402,MERCH-CUST-00402,ni*************@gmail.com,+91*****4277,Kolkata,2024-09-23T17:45:54+05:30,0,2299500,MEDIUM,2026-07-04T00:00:00+05:30,chargeback_dispute
cust_0403,MERCH-CUST-00403,ai***********@gmail.com,+91*****7782,Jaipur,2025-04-15T12:11:52+05:30,543459,543459,LOW,,
cust_0404,MERCH-CUST-00404,ta**********@gmail.com,+91*****1562,Ahmedabad,2025-06-04T14:29:53+05:30,397487,797287,LOW,,
cust_0405,MERCH-CUST-00405,vi*************@gmail.com,+91*****7876,Kochi,2025-10-23T19:27:34+05:30,0,3129500,MEDIUM,,
cust_0406,MERCH-CUST-00406,si****************@protonmail.com,+91*****1938,Bengaluru,2025-07-27T21:18:38+05:30,0,649800,LOW,,
cust_0407,MERCH-CUST-00407,ta************@protonmail.com,+91*****3013,Hyderabad,2025-05-27T15:26:12+05:30,0,18599500,HIGH,,
cust_0408,MERCH-CUST-00408,ar***************@gmail.com,+91*****9629,Bengaluru,2024-11-04T22:04:57+05:30,4956203,15405603,HIGH,,
cust_0409,MERCH-CUST-00409,pr************@yahoo.in,+91*****1303,Ahmedabad,2025-12-27T11:10:12+05:30,6610355,13609955,HIGH,,
cust_0410,MERCH-CUST-00410,an************@yahoo.in,+91*****1191,Kochi,2025-07-17T13:57:39+05:30,42937,42937,LOW,,
cust_0411,MERCH-CUST-00411,ma************@yahoo.in,+91*****9725,Jaipur,2024-12-16T16:03:03+05:30,537976,787876,LOW,,
cust_0412,MERCH-CUST-00412,ro************@protonmail.com,+91*****8509,Delhi,2024-10-26T12:51:13+05:30,349895,649795,LOW,,
cust_0413,MERCH-CUST-00413,ro************@yahoo.in,+91*****1406,Kochi,2025-07-13T11:05:58+05:30,8312147,12811147,HIGH,,
cust_0414,MERCH-CUST-00414,ka*************@outlook.com,+91*****4595,Chennai,2025-11-17T12:40:06+05:30,457135,537035,LOW,,
cust_0415,MERCH-CUST-00415,ar***********@gmail.com,+91*****3746,Chennai,2025-08-12T14:04:44+05:30,0,17499100,HIGH,,
cust_0416,MERCH-CUST-00416,di***********@outlook.com,+91*****2681,Pune,2024-10-04T10:10:11+05:30,358812,358812,LOW,,
cust_0417,MERCH-CUST-00417,pr************@protonmail.com,+91*****7932,Bengaluru,2025-10-16T17:33:08+05:30,513497,513497,LOW,,
cust_0418,MERCH-CUST-00418,ni**********@yahoo.in,+91*****8890,Mumbai,2025-06-24T13:08:10+05:30,0,4399300,MEDIUM,,
cust_0419,MERCH-CUST-00419,is**********@yahoo.in,+91*****1511,Kochi,2024-11-12T11:40:57+05:30,571200,3470700,MEDIUM,,
cust_0420,MERCH-CUST-00420,vi************@yahoo.in,+91*****4699,Hyderabad,2025-08-04T11:57:34+05:30,0,329800,LOW,,
cust_0421,MERCH-CUST-00421,aa*************@yahoo.in,+91*****8582,Ahmedabad,2025-05-03T20:07:05+05:30,922527,922527,LOW,,
cust_0422,MERCH-CUST-00422,de***********@protonmail.com,+91*****6833,Jaipur,2025-01-15T23:21:56+05:30,2139536,13388936,HIGH,,
cust_0423,MERCH-CUST-00423,ni***************@gmail.com,+91*****9065,Pune,2025-10-17T16:50:20+05:30,22299,786899,LOW,,
cust_0424,MERCH-CUST-00424,ni************@outlook.com,+91*****8627,Bengaluru,2025-07-16T12:01:18+05:30,451182,620982,LOW,,
cust_0425,MERCH-CUST-00425,la*************@yahoo.in,+91*****8765,Ahmedabad,2024-11-04T17:06:53+05:30,504076,504076,LOW,,
cust_0426,MERCH-CUST-00426,aa***********@outlook.com,+91*****1954,Jaipur,2025-09-03T10:48:13+05:30,0,12049600,HIGH,,
cust_0427,MERCH-CUST-00427,an***********@yahoo.in,+91*****9490,Ahmedabad,2026-01-29T15:53:35+05:30,532772,662672,LOW,,
cust_0428,MERCH-CUST-00428,an***********@gmail.com,+91*****9443,Ahmedabad,2025-08-18T17:45:49+05:30,239549,539449,LOW,,
cust_0429,MERCH-CUST-00429,is**********@outlook.com,+91*****8016,Pune,2025-05-15T21:01:39+05:30,0,1199700,MEDIUM,,
cust_0430,MERCH-CUST-00430,va************@outlook.com,+91*****2996,Bengaluru,2026-02-23T07:13:59+05:30,6517130,9916730,HIGH,,
cust_0431,MERCH-CUST-00431,sa*************@outlook.com,+91*****8864,Kolkata,2024-12-01T10:51:26+05:30,0,3979500,MEDIUM,,
cust_0432,MERCH-CUST-00432,ma*************@protonmail.com,+91*****4803,Pune,2024-09-18T20:34:36+05:30,550455,1889755,MEDIUM,,
cust_0433,MERCH-CUST-00433,di*********@yahoo.in,+91*****1490,Kochi,2025-07-30T17:14:44+05:30,822242,822242,LOW,,
cust_0434,MERCH-CUST-00434,ma************@gmail.com,+91*****5436,Delhi,2025-06-17T13:22:47+05:30,0,19699300,HIGH,,
cust_0435,MERCH-CUST-00435,la*************@outlook.com,+91*****2008,Delhi,2024-09-17T12:42:12+05:30,0,2149600,MEDIUM,2027-01-19T00:00:00+05:30,customer_opt_out
cust_0436,MERCH-CUST-00436,ro***********@outlook.com,+91*****4888,Pune,2025-10-11T15:57:59+05:30,744258,744258,LOW,,
cust_0437,MERCH-CUST-00437,ma**************@outlook.com,+91*****8061,Pune,2025-12-17T13:20:57+05:30,1415668,4665168,MEDIUM,,
cust_0438,MERCH-CUST-00438,la**************@yahoo.in,+91*****8173,Hyderabad,2025-02-26T09:40:09+05:30,215518,215518,LOW,,
cust_0439,MERCH-CUST-00439,ma************@yahoo.in,+91*****8414,Delhi,2025-12-30T21:37:49+05:30,0,129900,LOW,,
cust_0440,MERCH-CUST-00440,ad**************@gmail.com,+91*****5037,Pune,2025-08-15T13:50:53+05:30,144936,144936,LOW,,
cust_0441,MERCH-CUST-00441,de********@outlook.com,+91*****5311,Mumbai,2024-10-01T18:09:14+05:30,0,1199700,MEDIUM,,
cust_0442,MERCH-CUST-00442,ad*************@protonmail.com,+91*****2811,Chennai,2025-09-22T21:25:49+05:30,141487,161387,LOW,,
cust_0443,MERCH-CUST-00443,ri**********@yahoo.in,+91*****2208,Chennai,2025-09-23T16:04:15+05:30,113805,193705,LOW,,
cust_0444,MERCH-CUST-00444,me************@gmail.com,+91*****2018,Bengaluru,2024-09-16T13:06:52+05:30,3157145,4656945,MEDIUM,,
cust_0445,MERCH-CUST-00445,ra***********@gmail.com,+91*****9024,Bengaluru,2024-12-11T14:23:50+05:30,0,3199700,MEDIUM,,
cust_0446,MERCH-CUST-00446,an************@outlook.com,+91*****4659,Pune,2025-08-29T16:20:49+05:30,997813,1447613,MEDIUM,,
cust_0447,MERCH-CUST-00447,ai*************@protonmail.com,+91*****5780,Jaipur,2025-09-30T20:10:07+05:30,0,399600,LOW,,
cust_0448,MERCH-CUST-00448,aa***********@outlook.com,+91*****9646,Kolkata,2025-06-07T15:49:56+05:30,1686466,4566066,MEDIUM,,
cust_0449,MERCH-CUST-00449,va************@gmail.com,+91*****3347,Bengaluru,2025-06-26T18:52:31+05:30,80800,80800,LOW,,
cust_0450,MERCH-CUST-00450,an***************@protonmail.com,+91*****8247,Hyderabad,2025-08-08T16:00:19+05:30,0,949700,LOW,,
cust_0451,MERCH-CUST-00451,vi***********@outlook.com,+91*****4604,Hyderabad,2024-10-18T16:54:14+05:30,818212,3567812,MEDIUM,,
cust_0452,MERCH-CUST-00452,va*************@gmail.com,+91*****3985,Jaipur,2026-02-01T21:05:41+05:30,0,399800,LOW,,
cust_0453,MERCH-CUST-00453,ar**************@yahoo.in,+91*****1555,Kochi,2025-10-30T17:23:23+05:30,2331020,2630820,MEDIUM,,
cust_0454,MERCH-CUST-00454,va*************@protonmail.com,+91*****9444,Pune,2025-09-18T14:31:10+05:30,4212852,15962352,HIGH,,
cust_0455,MERCH-CUST-00455,im************@protonmail.com,+91*****2009,Kolkata,2025-10-21T18:57:56+05:30,479431,479431,LOW,,
cust_0456,MERCH-CUST-00456,im*************@outlook.com,+91*****8191,Ahmedabad,2025-05-18T20:11:07+05:30,486620,3016220,MEDIUM,,
cust_0457,MERCH-CUST-00457,ri***********@outlook.com,+91*****5074,Kolkata,2025-09-04T19:11:31+05:30,4940935,6340535,HIGH,2026-03-12T00:00:00+05:30,customer_opt_out
cust_0458,MERCH-CUST-00458,ni************@protonmail.com,+91*****8006,Bengaluru,2025-04-19T16:23:53+05:30,773507,773507,LOW,,
cust_0459,MERCH-CUST-00459,ma***********@yahoo.in,+91*****7325,Ahmedabad,2024-10-25T20:44:10+05:30,122750,122750,LOW,,
cust_0460,MERCH-CUST-00460,vi*************@yahoo.in,+91*****4242,Bengaluru,2024-12-13T18:36:49+05:30,609945,779745,LOW,,
cust_0461,MERCH-CUST-00461,vi*************@gmail.com,+91*****5330,Ahmedabad,2025-02-28T20:22:27+05:30,0,2999600,MEDIUM,,
cust_0462,MERCH-CUST-00462,sn************@gmail.com,+91*****2664,Chennai,2025-08-21T14:40:25+05:30,1139929,3549329,MEDIUM,,
cust_0463,MERCH-CUST-00463,ra*************@protonmail.com,+91*****4949,Kolkata,2024-09-16T12:17:41+05:30,555324,805224,LOW,,
cust_0464,MERCH-CUST-00464,de********@yahoo.in,+91*****2541,Mumbai,2024-11-21T16:29:50+05:30,595707,595707,LOW,,
cust_0465,MERCH-CUST-00465,ka**************@protonmail.com,+91*****5177,Hyderabad,2024-09-30T11:37:13+05:30,777610,777610,LOW,,
cust_0466,MERCH-CUST-00466,pr*************@protonmail.com,+91*****2371,Kolkata,2025-06-19T20:07:56+05:30,0,899700,LOW,,
cust_0467,MERCH-CUST-00467,sn************@yahoo.in,+91*****1440,Hyderabad,2025-03-20T09:22:33+05:30,772449,787349,LOW,,
cust_0468,MERCH-CUST-00468,ta**************@yahoo.in,+91*****5455,Mumbai,2025-04-21T17:17:07+05:30,0,379800,LOW,,
cust_0469,MERCH-CUST-00469,di************@gmail.com,+91*****7165,Chennai,2026-02-17T16:01:49+05:30,0,2499500,MEDIUM,,
cust_0470,MERCH-CUST-00470,pr*************@protonmail.com,+91*****4033,Pune,2025-07-21T14:23:56+05:30,39004,1918604,MEDIUM,,
cust_0471,MERCH-CUST-00471,aa*************@yahoo.in,+91*****1226,Bengaluru,2025-01-02T18:39:21+05:30,0,1499700,MEDIUM,,
cust_0472,MERCH-CUST-00472,la***************@gmail.com,+91*****1865,Pune,2025-11-24T13:22:45+05:30,272524,272524,LOW,,
cust_0473,MERCH-CUST-00473,ra************@gmail.com,+91*****1607,Kolkata,2025-12-12T21:06:26+05:30,125495,125495,LOW,,
cust_0474,MERCH-CUST-00474,pr************@gmail.com,+91*****1278,Pune,2025-05-15T11:36:28+05:30,294881,2594381,MEDIUM,,
cust_0475,MERCH-CUST-00475,ya**********@gmail.com,+91*****4900,Hyderabad,2025-08-26T07:28:47+05:30,0,1059700,MEDIUM,,
cust_0476,MERCH-CUST-00476,si****************@yahoo.in,+91*****4143,Jaipur,2025-05-19T16:41:50+05:30,909776,909776,LOW,,
cust_0477,MERCH-CUST-00477,an*************@protonmail.com,+91*****3133,Kolkata,2025-08-01T11:35:02+05:30,311977,331877,LOW,,
cust_0478,MERCH-CUST-00478,ai************@protonmail.com,+91*****4676,Delhi,2025-04-11T14:44:52+05:30,15005,464805,LOW,,
cust_0479,MERCH-CUST-00479,aa************@protonmail.com,+91*****8182,Hyderabad,2025-11-04T22:16:25+05:30,7529467,14378767,HIGH,,
cust_0480,MERCH-CUST-00480,va************@gmail.com,+91*****8109,Bengaluru,2025-09-09T16:17:21+05:30,2404831,3714431,MEDIUM,,
cust_0481,MERCH-CUST-00481,aa************@gmail.com,+91*****9703,Bengaluru,2025-10-14T13:17:32+05:30,284957,584757,LOW,,
cust_0482,MERCH-CUST-00482,pr************@yahoo.in,+91*****3320,Kochi,2025-12-22T18:22:26+05:30,0,10549300,HIGH,,
cust_0483,MERCH-CUST-00483,ad*************@yahoo.in,+91*****6923,Kochi,2024-12-15T14:09:12+05:30,719807,869707,LOW,,
cust_0484,MERCH-CUST-00484,de***********@yahoo.in,+91*****8611,Jaipur,2025-08-26T14:00:09+05:30,62735,62735,LOW,,
cust_0485,MERCH-CUST-00485,va**********@outlook.com,+91*****2842,Delhi,2024-12-23T13:39:40+05:30,614833,614833,LOW,,
cust_0486,MERCH-CUST-00486,ma*************@protonmail.com,+91*****4012,Pune,2025-07-24T11:52:37+05:30,0,699800,LOW,,
cust_0487,MERCH-CUST-00487,an***************@outlook.com,+91*****2152,Kochi,2025-07-25T21:21:28+05:30,490051,490051,LOW,,
cust_0488,MERCH-CUST-00488,me***********@protonmail.com,+91*****3548,Jaipur,2024-10-16T11:54:47+05:30,698921,748821,LOW,,
cust_0489,MERCH-CUST-00489,po***********@yahoo.in,+91*****6702,Chennai,2025-12-19T16:49:32+05:30,783269,1313069,MEDIUM,,
cust_0490,MERCH-CUST-00490,ad*************@yahoo.in,+91*****6679,Kochi,2025-03-03T19:22:17+05:30,332114,382014,LOW,,
cust_0491,MERCH-CUST-00491,ad***************@protonmail.com,+91*****4221,Chennai,2024-10-22T21:56:36+05:30,0,229800,LOW,,
cust_0492,MERCH-CUST-00492,sn*************@yahoo.in,+91*****2192,Delhi,2025-11-17T18:36:02+05:30,262546,662446,LOW,,
cust_0493,MERCH-CUST-00493,an*************@protonmail.com,+91*****8317,Kochi,2025-10-10T12:27:08+05:30,0,2229600,MEDIUM,,
cust_0494,MERCH-CUST-00494,si****************@protonmail.com,+91*****5051,Kolkata,2025-07-04T15:31:22+05:30,1588600,2118200,MEDIUM,,
cust_0495,MERCH-CUST-00495,ni***********@outlook.com,+91*****7803,Kochi,2024-12-02T08:32:48+05:30,453439,843139,LOW,,
cust_0496,MERCH-CUST-00496,ni************@gmail.com,+91*****2801,Ahmedabad,2025-09-01T21:59:09+05:30,0,2229600,MEDIUM,,
cust_0497,MERCH-CUST-00497,ni*************@gmail.com,+91*****2402,Kolkata,2025-03-25T12:21:35+05:30,0,699800,LOW,,
cust_0498,MERCH-CUST-00498,ni**************@protonmail.com,+91*****4175,Bengaluru,2024-12-07T19:29:05+05:30,0,859500,LOW,,
cust_0499,MERCH-CUST-00499,ra************@protonmail.com,+91*****7887,Delhi,2025-03-31T08:21:30+05:30,4149339,4309139,MEDIUM,,
cust_0500,MERCH-CUST-00500,ra************@yahoo.in,+91*****8919,Kolkata,2026-02-21T15:22:36+05:30,367049,616949,LOW,,
